{"n0": {"n1": [0, 0, 79], "n2": [0, 0, 169.43], "n3": [145.23510806536638, 145.23510806536638, 69.0], "n4": [295.3595206391478, 295.3595206391478, 240.0], "n5": [153.67473858007705, 153.67473858007705, 84.0], "n6": [199.00897666068224, 199.00897666068224, 144.0], "n7": [315.6443468715697, 315.6443468715697, 272.0]}, "n1": {"n0": [0, 0, 79], "n2": [0, 0, 79], "n3": [0, 0, 158], "n4": [0, 0, 80.58], "n5": [0, 0, 92.43], "n6": [0, 0, 194.34], "n7": [0, 0, 180.33]}, "n2": {"n0": [0, 0, 169.43], "n1": [0, 0, 79], "n3": [0, 0, 302.84], "n4": [0, 0, 107.44], "n5": [0, 0, 171.16], "n6": [0, 0, 139.04], "n7": [0, 0, 86.9]}, "n3": {"n0": [145.23510806536638, 145.23510806536638, 69.0], "n1": [0, 0, 158], "n2": [0, 0, 302.84], "n4": [278.991935483871, 278.991935483871, 217.0], "n5": [172.8641130870953, 172.8641130870953, 86.0], "n6": [164.83694083694084, 164.83694083694084, 127.0], "n7": [293.34432234432234, 293.34432234432234, 250.0]}, "n4": {"n0": [295.3595206391478, 295.3595206391478, 240.0], "n1": [0, 0, 80.58], "n2": [0, 0, 107.44], "n3": [278.991935483871, 278.991935483871, 217.0], "n5": [187.2516611295681, 187.2516611295681, 118.0], "n6": [163.22586872586874, 163.22586872586874, 118.0], "n7": [129.11674491392802, 129.11674491392802, 81.0]}, "n5": {"n0": [153.67473858007705, 153.67473858007705, 84.0], "n1": [0, 0, 92.43], "n2": [0, 0, 171.16], "n3": [172.8641130870953, 172.8641130870953, 86.0], "n4": [187.2516611295681, 187.2516611295681, 118.0], "n6": [152.84855233853006, 152.84855233853006, 92.0], "n7": [223.98528381219342, 223.98528381219342, 168.0]}, "n6": {"n0": [199.00897666068224, 199.00897666068224, 144.0], "n1": [0, 0, 194.34], "n2": [0, 0, 139.04], "n3": [164.83694083694084, 164.83694083694084, 127.0], "n4": [163.22586872586874, 163.22586872586874, 118.0], "n5": [152.84855233853006, 152.84855233853006, 92.0], "n7": [174.83534136546186, 174.83534136546186, 121.0]}, "n7": {"n0": [315.6443468715697, 315.6443468715697, 272.0], "n1": [0, 0, 180.33], "n2": [0, 0, 86.9], "n3": [293.34432234432234, 293.34432234432234, 250.0], "n4": [129.11674491392802, 129.11674491392802, 81.0], "n5": [223.98528381219342, 223.98528381219342, 168.0], "n6": [174.83534136546186, 174.83534136546186, 121.0]}}