{"n0": {"n3": [145.23510806536638, 21.0, 69.0], "n4": [295.3595206391478, 175.0, 240.0], "n5": [153.67473858007705, 26.0, 84.0], "n6": [199.00897666068224, 117.0, 144.0], "n7": [315.6443468715697, 231.0, 272.0]}, "n3": {"n0": [145.23510806536638, 21.0, 69.0], "n4": [278.991935483871, 168.0, 217.0], "n5": [172.8641130870953, 25.0, 86.0], "n6": [164.83694083694084, 34.0, 127.0], "n7": [293.34432234432234, 172.0, 250.0]}, "n4": {"n0": [295.3595206391478, 175.0, 240.0], "n3": [278.991935483871, 168.0, 217.0], "n5": [187.2516611295681, 113.0, 118.0], "n6": [163.22586872586874, 52.0, 118.0], "n7": [129.11674491392802, 23.0, 81.0]}, "n5": {"n0": [153.67473858007705, 26.0, 84.0], "n3": [172.8641130870953, 25.0, 86.0], "n4": [187.2516611295681, 113.0, 118.0], "n6": [152.84855233853006, 40.0, 92.0], "n7": [223.98528381219342, 24.0, 168.0]}, "n6": {"n0": [199.00897666068224, 117.0, 144.0], "n3": [164.83694083694084, 34.0, 127.0], "n4": [163.22586872586874, 52.0, 118.0], "n5": [152.84855233853006, 40.0, 92.0], "n7": [174.83534136546186, 110.0, 121.0]}, "n7": {"n0": [315.6443468715697, 231.0, 272.0], "n3": [293.34432234432234, 172.0, 250.0], "n4": [129.11674491392802, 23.0, 81.0], "n5": [223.98528381219342, 24.0, 168.0], "n6": [174.83534136546186, 110.0, 121.0]}}